{"grads/layer1.weight": {"_type": "histogram", "values": [2, 1, 0, 0, 0, 1, 1, 0, 1, 1, 1, 0, 3, 1, 0, 2, 0, 2, 1, 0, 0, 1, 4, 1, 3, 4, 8, 27, 56, 349, 453, 48, 30, 6, 4, 4, 1, 1, 1, 0, 1, 2, 0, 0, 0, 1, 0, 0, 0, 0, 0, 1, 0, 0, 0, 0, 0, 0, 0, 0, 0, 0, 0, 1], "bins": [-0.27272316813468933, -0.26363566517829895, -0.25454816222190857, -0.245460644364357, -0.23637312650680542, -0.22728562355041504, -0.21819812059402466, -0.20911060273647308, -0.2000230997800827, -0.19093558192253113, -0.18184807896614075, -0.17276057600975037, -0.1636730581521988, -0.1545855551958084, -0.14549803733825684, -0.13641053438186646, -0.12732303142547607, -0.1182355135679245, -0.10914800316095352, -0.10006050020456314, -0.09097298979759216, -0.08188547939062119, -0.07279796898365021, -0.06371045857667923, -0.05462295189499855, -0.04553544148802757, -0.03644793480634689, -0.027360424399375916, -0.018272915855050087, -0.009185407310724258, -9.789783507585526e-05, 0.008989611640572548, 0.018077120184898376, 0.027164628729224205, 0.036252137273550034, 0.04533964768052101, 0.05442715436220169, 0.06351466476917267, 0.07260217517614365, 0.08168968558311462, 0.090777188539505, 0.09986469894647598, 0.10895220935344696, 0.11803971976041794, 0.12712723016738892, 0.1362147331237793, 0.14530225098133087, 0.15438975393772125, 0.16347727179527283, 0.1725647747516632, 0.1816522777080536, 0.19073979556560516, 0.19982729852199554, 0.20891481637954712, 0.2180023193359375, 0.22708982229232788, 0.23617734014987946, 0.24526484310626984, 0.2543523609638214, 0.2634398639202118, 0.2725273668766022, 0.28161486983299255, 0.2907024025917053, 0.2997899055480957, 0.3088774085044861]}, "grads/layer1.bias": {"_type": "histogram", "values": [1, 1, 0, 0, 0, 0, 0, 0, 0, 0, 1, 0, 0, 0, 1, 1, 0, 1, 0, 1, 0, 0, 1, 0, 0, 0, 1, 0, 1, 0, 4, 1, 0, 0, 4, 6, 7, 6, 18, 22, 20, 14, 7, 1, 1, 1, 0, 1, 0, 1, 0, 0, 0, 1, 0, 0, 0, 0, 0, 1, 1, 0, 0, 1], "bins": [-0.05170707404613495, -0.05040144547820091, -0.049095816910266876, -0.04779018834233284, -0.046484559774398804, -0.04517893120646477, -0.04387330263853073, -0.042567674070596695, -0.04126204550266266, -0.03995642066001892, -0.038650792092084885, -0.03734516352415085, -0.03603953495621681, -0.034733906388282776, -0.03342827782034874, -0.0321226492524147, -0.030817020684480667, -0.02951139211654663, -0.028205763548612595, -0.02690013498067856, -0.025594506412744522, -0.024288879707455635, -0.0229832511395216, -0.021677622571587563, -0.020371994003653526, -0.01906636543571949, -0.017760736867785454, -0.016455108299851418, -0.015149480663239956, -0.01384385209530592, -0.012538224458694458, -0.011232595890760422, -0.009926967322826385, -0.00862133875489235, -0.0073157106526196, -0.006010082550346851, -0.004704453982412815, -0.0033988256473094225, -0.00209319731220603, -0.0007875689771026373, 0.0005180593580007553, 0.001823687693104148, 0.0031293160282075405, 0.0044349441304802895, 0.005740572698414326, 0.007046201266348362, 0.008351828902959824, 0.00965745747089386, 0.010963086038827896, 0.012268714606761932, 0.013574343174695969, 0.01487997081130743, 0.01618560031056404, 0.017491227015852928, 0.018796855583786964, 0.020102484151721, 0.021408112719655037, 0.022713741287589073, 0.02401936985552311, 0.025324998423457146, 0.026630625128746033, 0.02793625369668007, 0.029241882264614105, 0.03054751083254814, 0.03185313940048218]}, "grads/layer2.weight": {"_type": "histogram", "values": [1, 0, 1, 0, 1, 0, 2, 1, 4, 2, 2, 1, 1, 3, 2, 6, 1, 4, 1, 5, 9, 14, 10, 15, 20, 29, 35, 39, 37, 55, 54, 89, 134, 186, 243, 363, 478, 631, 1333, 10837, 823, 346, 190, 136, 92, 56, 22, 12, 11, 8, 3, 2, 4, 2, 5, 1, 2, 2, 3, 3, 1, 5, 4, 2], "bins": [-0.06715182214975357, -0.06544599682092667, -0.06374017894268036, -0.062034353613853455, -0.06032852828502655, -0.058622706681489944, -0.05691688507795334, -0.055211059749126434, -0.05350523814558983, -0.05179941654205322, -0.05009359121322632, -0.04838776960968971, -0.04668194800615311, -0.0449761226773262, -0.0432703010737896, -0.04156447574496269, -0.039858654141426086, -0.03815283253788948, -0.036447007209062576, -0.03474118560552597, -0.033035360276699066, -0.03132953867316246, -0.029623717069625854, -0.0279178936034441, -0.026212070137262344, -0.02450624667108059, -0.022800423204898834, -0.02109460160136223, -0.019388778135180473, -0.017682954668998718, -0.015977133065462112, -0.014271309599280357, -0.012565486133098602, -0.010859662666916847, -0.009153840132057667, -0.007448017131537199, -0.005742194131016731, -0.0040363711304962635, -0.0023305481299757957, -0.000624725129455328, 0.0010810978710651398, 0.0027869208715856075, 0.004492743872106075, 0.006198566872626543, 0.00790438987314701, 0.009610213339328766, 0.011316035874187946, 0.013021858409047127, 0.014727681875228882, 0.016433505341410637, 0.018139328807592392, 0.019845150411128998, 0.021550973877310753, 0.023256797343492508, 0.024962618947029114, 0.02666844241321087, 0.028374265879392624, 0.03008008934557438, 0.031785912811756134, 0.03349173441529274, 0.035197556018829346, 0.03690338134765625, 0.038609202951192856, 0.04031502828001976, 0.042020849883556366]}, "grads/layer2.bias": {"_type": "histogram", "values": [1, 1, 0, 0, 0, 0, 0, 1, 0, 0, 0, 0, 0, 0, 1, 0, 0, 0, 0, 0, 0, 0, 2, 2, 0, 1, 0, 2, 3, 3, 6, 4, 3, 3, 5, 2, 3, 3, 1, 6, 4, 56, 4, 1, 1, 2, 0, 1, 2, 2, 0, 0, 1, 0, 0, 0, 0, 0, 0, 0, 0, 0, 0, 1], "bins": [-0.022745145484805107, -0.022192485630512238, -0.021639827638864517, -0.021087167784571648, -0.020534509792923927, -0.019981849938631058, -0.019429191946983337, -0.018876532092690468, -0.0183238722383976, -0.017771214246749878, -0.01721855439245701, -0.016665896400809288, -0.01611323654651642, -0.015560577623546124, -0.015007918700575829, -0.014455259777605534, -0.013902600854635239, -0.013349941000342369, -0.012797282077372074, -0.01224462315440178, -0.011691964231431484, -0.01113930530846119, -0.010586646385490894, -0.010033986531198025, -0.00948132760822773, -0.008928668685257435, -0.00837600976228714, -0.007823350839316845, -0.007270691450685263, -0.006718032527714968, -0.006165373604744673, -0.0056127142161130905, -0.0050600552931427956, -0.004507396370172501, -0.003954736981540918, -0.0034020780585706234, -0.0028494191356003284, -0.00229675997979939, -0.0017441008239984512, -0.0011914417846128345, -0.0006387827452272177, -8.612367673777044e-05, 0.0004665353917516768, 0.0010191944893449545, 0.0015718535287305713, 0.002124512568116188, 0.0026771717239171267, 0.0032298306468874216, 0.00378248980268836, 0.004335148725658655, 0.004887808114290237, 0.005440467037260532, 0.005993125960230827, 0.00654578534886241, 0.0070984442718327045, 0.0076511031948029995, 0.008203762583434582, 0.008756421506404877, 0.009309080429375172, 0.009861739352345467, 0.010414398275315762, 0.010967058129608631, 0.011519717052578926, 0.012072375975549221, 0.012625034898519516]}, "grads/output_layer.weight": {"_type": "histogram", "values": [1, 0, 0, 0, 0, 0, 0, 0, 0, 1, 1, 0, 1, 1, 0, 1, 0, 3, 2, 1, 1, 0, 1, 0, 0, 2, 2, 0, 2, 3, 3, 4, 2, 3, 3, 3, 2, 3, 3, 2, 3, 57, 5, 3, 2, 1, 1, 0, 0, 0, 0, 1, 1, 0, 0, 1, 0, 0, 1, 0, 0, 0, 0, 1],