{"epoch": 16, "train_loss": 0.310409024600091, "_timestamp": 1714328753.7101233, "_runtime": 347.28145933151245, "_step": 33, "val_loss": 0.25000862008140934, "_wandb": {"runtime": 353}}