{"epoch": 6, "train_loss": 0.40354726542302266, "_timestamp": 1714328265.2540197, "_runtime": 144.73223066329956, "_step": 13, "val_loss": 0.40085562967484994, "_wandb": {"runtime": 151}}