{"_wandb": {"runtime": 2}, "grads/layer1.weight": {"_type": "histogram", "values": [1, 2, 0, 0, 0, 1, 0, 0, 5, 0, 2, 6, 8, 7, 11, 7, 16, 19, 24, 18, 28, 41, 57, 51, 75, 79, 83, 77, 77, 68, 53, 49, 48, 29, 11, 12, 12, 11, 7, 10, 5, 3, 2, 4, 0, 1, 1, 0, 0, 1, 0, 0, 1, 0, 0, 0, 0, 0, 0, 0, 0, 0, 0, 1], "bins": [-0.17058506608009338, -0.16420422494411469, -0.1578233689069748, -0.1514425277709961, -0.1450616866350174, -0.1386808454990387, -0.1322999894618988, -0.1259191483259201, -0.1195383071899414, -0.11315745860338211, -0.10677661001682281, -0.10039576888084412, -0.09401492029428482, -0.08763407915830612, -0.08125323057174683, -0.07487238943576813, -0.06849154084920883, -0.062110695987939835, -0.05572985112667084, -0.04934900626540184, -0.04296816140413284, -0.03658731281757355, -0.03020646795630455, -0.023825623095035553, -0.017444778233766556, -0.011063933372497559, -0.004683087579905987, 0.0016977577470242977, 0.008078603073954582, 0.01445944793522358, 0.020840294659137726, 0.027221139520406723, 0.03360198438167572, 0.03998282924294472, 0.046363674104213715, 0.05274451896548271, 0.05912536382675171, 0.065506212413311, 0.0718870535492897, 0.078267902135849, 0.0846487432718277, 0.091029591858387, 0.09741044044494629, 0.10379128158092499, 0.11017213016748428, 0.11655297130346298, 0.12293381989002228, 0.12931466102600098, 0.13569551706314087, 0.14207635819911957, 0.14845719933509827, 0.15483804047107697, 0.16121889650821686, 0.16759973764419556, 0.17398057878017426, 0.18036141991615295, 0.18674227595329285, 0.19312311708927155, 0.19950395822525024, 0.20588481426239014, 0.21226565539836884, 0.21864649653434753, 0.22502733767032623, 0.23140819370746613, 0.23778903484344482]}, "grads/layer1.bias": {"_type": "histogram", "values": [1, 2, 0, 0, 0, 0, 0, 0, 0, 6, 0, 1, 0, 1, 0, 1, 1, 6, 0, 0, 1, 6, 0, 3, 1, 13, 0, 2, 0, 6, 1, 4, 18, 2, 5, 1, 8, 0, 3, 0, 5, 0, 2, 0, 6, 0, 1, 1, 11, 0, 0, 0, 3, 0, 1, 0, 3, 0, 0, 0, 0, 0, 0, 2], "bins": [-1.5832483768463135e-08, -1.535227056592703e-08, -1.4872057363390923e-08, -1.4391844160854816e-08, -1.391163095831871e-08, -1.3431417755782604e-08, -1.2951204553246498e-08, -1.2470991350710392e-08, -1.1990778148174286e-08, -1.151056494563818e-08, -1.1030351743102074e-08, -1.0550138540565968e-08, -1.0069925338029861e-08, -9.589712135493755e-09, -9.10949893295765e-09, -8.629285730421543e-09, -8.149072527885437e-09, -7.668859325349331e-09, -7.188646122813225e-09, -6.708432920277119e-09, -6.2282197177410126e-09, -5.7480065152049065e-09, -5.2677933126688e-09, -4.787580110132694e-09, -4.307366907596588e-09, -3.827153705060482e-09, -3.346940502524376e-09, -2.86672729998827e-09, -2.3865140974521637e-09, -1.9063008949160576e-09, -1.4260876923799515e-09, -9.458744898438454e-10, -4.656612873077393e-10, 1.4551915228366852e-11, 4.94765117764473e-10, 9.74978320300579e-10, 1.4551915228366852e-09, 1.9354047253727913e-09, 2.4156179279088974e-09, 2.8958311304450035e-09, 3.3760443329811096e-09, 3.856257535517216e-09, 4.336470738053322e-09, 4.816683940589428e-09, 5.296897143125534e-09, 5.77711034566164e-09, 6.257323548197746e-09, 6.737536750733852e-09, 7.2177499532699585e-09, 7.697963155806065e-09, 8.17817635834217e-09, 8.658389560878277e-09, 9.138602763414383e-09, 9.618815965950489e-09, 1.0099029168486595e-08, 1.0579242371022701e-08, 1.1059455573558807e-08, 1.1539668776094913e-08, 1.201988197863102e-08, 1.2500095181167126e-08, 1.2980308383703232e-08, 1.3460521586239338e-08, 1.3940734788775444e-08, 1.442094799131155e-08, 1.4901161193847656e-08]}, "grads/bn1.weight": {"_type": "histogram", "values": [1, 0, 2, 0, 0, 0, 2, 3, 1, 3, 1, 2, 1, 2, 2, 0, 3, 3, 2, 5, 2, 2, 4, 1, 2, 6, 3, 6, 2, 4, 2, 6, 6, 3, 2, 2, 6, 2, 1, 1, 4, 3, 3, 2, 1, 1, 4, 2, 2, 2, 1, 1, 1, 0, 1, 1, 0, 0, 0, 0, 0, 1, 1, 1], "bins": [-0.12639404833316803, -0.12214799225330353, -0.11790193617343903, -0.11365588009357452, -0.10940982401371002, -0.10516376793384552, -0.10091771185398102, -0.09667165577411652, -0.09242559969425201, -0.08817953616380692, -0.08393348008394241, -0.07968742400407791, -0.07544136792421341, -0.07119531184434891, -0.0669492557644844, -0.0627031996846199, -0.0584571436047554, -0.0542110875248909, -0.0499650314450264, -0.045718975365161896, -0.041472919285297394, -0.03722685948014259, -0.03298080340027809, -0.02873474732041359, -0.024488691240549088, -0.020242635160684586, -0.015996579080820084, -0.011750521138310432, -0.0075044650584459305, -0.0032584085129201412, 0.000987648032605648, 0.005233704578131437, 0.009479761123657227, 0.013725817203521729, 0.01797187328338623, 0.02221793122589588, 0.026463987305760384, 0.030710043385624886, 0.03495610132813454, 0.03920215740799904, 0.04344821348786354, 0.04769426956772804, 0.051940325647592545, 0.056186381727457047, 0.06043244153261185, 0.06467849761247635, 0.06892455369234085, 0.07317060977220535, 0.07741666585206985, 0.08166272193193436, 0.08590877801179886, 0.09015483409166336, 0.09440089017152786, 0.09864694625139236, 0.10289300233125687, 0.10713905841112137, 0.11138512194156647, 0.11563117802143097, 0.11987723410129547, 0.12412329018115997, 0.12836934626102448, 0.13261540234088898, 0.13686145842075348, 0.14110751450061798, 0.14535357058048248]}, "grads/bn1.bias": {"_type": "histogram", "values": [1, 0, 1, 0, 1, 0, 0, 0, 0, 2, 0, 1, 1, 1, 0, 0, 2, 1, 4, 1, 2, 2, 7, 0, 0, 2, 0, 2, 0, 4, 1, 0, 12, 5, 4, 1, 13, 1, 3, 0, 4, 4, 2, 7, 4, 5, 2, 2, 1, 0, 3, 0, 1, 1, 6, 0, 3, 1, 0, 3, 0, 1, 0, 3], "bins": [-2.9802322387695312e-08, -2.898741513490677e-08, -2.8172507882118225e-08, -2.735760062932968e-08, -2.6542693376541138e-08, -2.5727786123752594e-08, -2.491287887096405e-08, -2.4097971618175507e-08, -2.3283064365386963e-08, -2.246815711259842e-08, -2.1653249859809875e-08, -2.0838342607021332e-08, -2.0023435354232788e-08, -1.9208528101444244e-08, -1.83936208486557e-08, -1.7578713595867157e-08, -1.6763806343078613e-08, -1.594889909029007e-08, -1.5133991837501526e-08, -1.4319084584712982e-08, -1.3504177331924438e-08, -1.2689270079135895e-08, -1.1874362826347351e-08, -1.1059455573558807e-08, -1.0244548320770264e-08, -9.42964106798172e-09, -8.614733815193176e-09, -7.799826562404633e-09, -6.984919309616089e-09, -6.170012056827545e-09, -5.3551048040390015e-09, -4.540197551250458e-09, -3.725290298461914e-09, -2.9103830456733704e-09, -2.0954757928848267e-09, -1.280568540096283e-09, -4.656612873077393e-10, 3.4924596548080444e-10, 1.1641532182693481e-09, 1.979060471057892e-09, 2.7939677238464355e-09, 3.6088749766349792e-09, 4.423782229423523e-09, 5.238689482212067e-09, 6.05359673500061e-09, 6.868503987789154e-09, 7.683411240577698e-09, 8.498318493366241e-09, 9.313225746154785e-09, 1.0128132998943329e-08, 1.0943040251731873e-08, 1.1757947504520416e-08, 1.257285475730896e-08, 1.3387762010097504e-08, 1.4202669262886047e-08, 1.501757651567459e-08, 1.5832483768463135e-08, 1.664739102125168e-08, 1.7462298274040222e-08, 1.8277205526828766e-08, 1.909211277961731e-08, 1.9907020032405853e-08, 2.0721927285194397e-08, 2.153683453798294e-08, 2.2351741790771484e-08]}, "grads/layer2.weight": {"_type": "histogram", "values": [1, 1, 1, 0, 1, 1, 2, 1, 1, 1, 4, 2, 7, 8, 6, 11, 11, 14, 18, 24, 25, 45, 53, 72, 120, 168, 196, 341, 410, 589, 864, 1444, 2378, 3678, 2012, 1147, 806, 558, 398, 245, 172, 143, 114, 63, 52, 32, 47, 26, 17, 13, 7, 7, 8, 5, 1, 2, 1, 4, 1, 2, 1, 0, 1, 1],