{"grads/layer1.weight": {"_type": "histogram", "values": [1, 0, 0, 0, 0, 0, 0, 0, 0, 0, 0, 0, 0, 1, 0, 0, 0, 3, 1, 1, 3, 5, 4, 8, 7, 6, 6, 21, 15, 14, 19, 29, 15, 31, 28, 34, 39, 25, 31, 21, 24, 17, 18, 21, 15, 10, 10, 10, 2, 6, 2, 1, 4, 0, 1, 1, 0, 0, 0, 0, 0, 1, 0, 1], "bins": [-0.1291443407535553, -0.12559491395950317, -0.12204547971487045, -0.11849605292081833, -0.11494661867618561, -0.11139719188213348, -0.10784776508808136, -0.10429833084344864, -0.10074890404939651, -0.0971994698047638, -0.09365004301071167, -0.09010061621665955, -0.08655118197202682, -0.0830017551779747, -0.07945232838392258, -0.07590289413928986, -0.07235346734523773, -0.06880403310060501, -0.06525460630655289, -0.061705175787210464, -0.05815574526786804, -0.05460631847381592, -0.051056887954473495, -0.04750745743513107, -0.04395802691578865, -0.04040859639644623, -0.036859169602394104, -0.03330973908305168, -0.02976030856370926, -0.026210879907011986, -0.022661449387669563, -0.01911202073097229, -0.015562590211629868, -0.01201316062361002, -0.008463731035590172, -0.004914300981909037, -0.0013648713938891888, 0.002184558194130659, 0.005733988247811794, 0.009283417835831642, 0.01283284742385149, 0.016382277011871338, 0.01993170753121376, 0.023481136187911034, 0.027030566707253456, 0.03057999536395073, 0.03412942588329315, 0.037678856402635574, 0.041228286921978, 0.04477771371603012, 0.04832714423537254, 0.051876574754714966, 0.05542600527405739, 0.05897543206810951, 0.06252486258745193, 0.06607428938150406, 0.06962372362613678, 0.0731731504201889, 0.07672258466482162, 0.08027201145887375, 0.08382143825292587, 0.0873708724975586, 0.09092029929161072, 0.09446973353624344, 0.09801916033029556]}, "grads/layer1.bias": {"_type": "histogram", "values": [1, 0, 0, 0, 0, 0, 0, 0, 0, 0, 1, 0, 0, 0, 0, 0, 1, 0, 0, 0, 0, 2, 0, 0, 1, 0, 2, 0, 0, 1, 1, 0, 3, 0, 4, 0, 0, 6, 0, 0, 3, 0, 11, 0, 1, 2, 0, 0, 8, 1, 5, 0, 1, 5, 0, 0, 1, 0, 0, 0, 0, 2, 0, 1], "bins": [-1.4901161193847656e-08, -1.4551915228366852e-08, -1.4202669262886047e-08, -1.3853423297405243e-08, -1.3504177331924438e-08, -1.3154931366443634e-08, -1.280568540096283e-08, -1.2456439435482025e-08, -1.210719347000122e-08, -1.1757947504520416e-08, -1.1408701539039612e-08, -1.1059455573558807e-08, -1.0710209608078003e-08, -1.0360963642597198e-08, -1.0011717677116394e-08, -9.66247171163559e-09, -9.313225746154785e-09, -8.96397978067398e-09, -8.614733815193176e-09, -8.265487849712372e-09, -7.916241884231567e-09, -7.566995918750763e-09, -7.2177499532699585e-09, -6.868503987789154e-09, -6.51925802230835e-09, -6.170012056827545e-09, -5.820766091346741e-09, -5.471520125865936e-09, -5.122274160385132e-09, -4.773028194904327e-09, -4.423782229423523e-09, -4.0745362639427185e-09, -3.725290298461914e-09, -3.3760443329811096e-09, -3.026798367500305e-09, -2.6775524020195007e-09, -2.3283064365386963e-09, -1.979060471057892e-09, -1.6298145055770874e-09, -1.280568540096283e-09, -9.313225746154785e-10, -5.820766091346741e-10, -2.3283064365386963e-10, 1.1641532182693481e-10, 4.656612873077393e-10, 8.149072527885437e-10, 1.1641532182693481e-09, 1.5133991837501526e-09, 1.862645149230957e-09, 2.2118911147117615e-09, 2.561137080192566e-09, 2.9103830456733704e-09, 3.259629011154175e-09, 3.6088749766349792e-09, 3.958120942115784e-09, 4.307366907596588e-09, 4.6566128730773926e-09, 5.005858838558197e-09, 5.3551048040390015e-09, 5.704350769519806e-09, 6.05359673500061e-09, 6.402842700481415e-09, 6.752088665962219e-09, 7.101334631443024e-09, 7.450580596923828e-09]}, "grads/bn1.weight": {"_type": "histogram", "values": [1, 0, 0, 0, 1, 0, 0, 1, 0, 0, 1, 0, 1, 2, 0, 1, 2, 2, 2, 3, 1, 4, 1, 3, 1, 4, 2, 1, 1, 5, 3, 3, 1, 3, 0, 1, 1, 1, 1, 2, 0, 1, 1, 1, 0, 0, 0, 0, 0, 1, 1, 0, 0, 1, 0, 1, 0, 0, 0, 0, 0, 0, 0, 1], "bins": [-0.06745579093694687, -0.0650186538696289, -0.06258151680231094, -0.06014438346028328, -0.057707250118255615, -0.05527011305093765, -0.05283297598361969, -0.050395842641592026, -0.04795870557427406, -0.0455215722322464, -0.043084435164928436, -0.040647298097610474, -0.03821016475558281, -0.03577302768826485, -0.03333589434623718, -0.03089875727891922, -0.028461622074246407, -0.026024486869573593, -0.02358735166490078, -0.021150214597582817, -0.018713079392910004, -0.01627594418823719, -0.013838808983564377, -0.011401672847568989, -0.008964537642896175, -0.006527401972562075, -0.004090266302227974, -0.0016531309811398387, 0.0007840045727789402, 0.003221140243113041, 0.005658275447785854, 0.008095411583781242, 0.010532546788454056, 0.01296968199312687, 0.015406818129122257, 0.017843954265117645, 0.02028108946979046, 0.022718224674463272, 0.025155359879136086, 0.0275924950838089, 0.03002963215112686, 0.032466765493154526, 0.03490390256047249, 0.03734103962779045, 0.039778172969818115, 0.04221531003713608, 0.04465244337916374, 0.047089580446481705, 0.04952671378850937, 0.05196385085582733, 0.054400987923145294, 0.05683812126517296, 0.05927525833249092, 0.061712391674518585, 0.06414952874183655, 0.06658666580915451, 0.06902380287647247, 0.07146093249320984, 0.0738980695605278, 0.07633520662784576, 0.07877234369516373, 0.08120948076248169, 0.08364661037921906, 0.08608374744653702, 0.08852088451385498]}, "grads/bn1.bias": {"_type": "histogram", "values": [1, 1, 1, 0, 1, 0, 1, 0, 0, 0, 1, 0, 1, 0, 6, 0, 1, 0, 4, 0, 1, 0, 4, 0, 0, 0, 4, 0, 2, 1, 3, 0, 0, 3, 1, 1, 2, 2, 0, 4, 1, 2, 0, 4, 1, 0, 0, 4, 1, 2, 0, 1, 0, 0, 0, 1, 0, 0, 0, 0, 0, 0, 0, 1], "bins": [-1.3969838619232178e-08, -1.3518729247152805e-08, -1.3067619875073433e-08, -1.261651050299406e-08, -1.2165401130914688e-08, -1.1714291758835316e-08, -1.1263182386755943e-08, -1.0812073014676571e-08, -1.0360963642597198e-08, -9.909854270517826e-09, -9.458744898438454e-09, -9.007635526359081e-09, -8.556526154279709e-09, -8.105416782200336e-09, -7.654307410120964e-09, -7.203198038041592e-09, -6.752088665962219e-09, -6.300979293882847e-09, -5.8498699218034744e-09, -5.398760549724102e-09, -4.94765117764473e-09, -4.496541805565357e-09, -4.045432433485985e-09, -3.5943230614066124e-09, -3.14321368932724e-09, -2.6921043172478676e-09, -2.240994945168495e-09, -1.7898855730891228e-09, -1.3387762010097504e-09, -8.87666828930378e-10, -4.3655745685100555e-10, 1.4551915228366852e-11, 4.656612873077393e-10, 9.167706593871117e-10, 1.367880031466484e-09, 1.8189894035458565e-09, 2.270098775625229e-09, 2.7212081477046013e-09, 3.1723175197839737e-09, 3.623426891863346e-09, 4.0745362639427185e-09, 4.525645636022091e-09, 4.976755008101463e-09, 5.427864380180836e-09, 5.878973752260208e-09, 6.3300831243395805e-09, 6.781192496418953e-09, 7.232301868498325e-09, 7.683411240577698e-09, 8.13452061265707e-09, 8.585629984736443e-09, 9.036739356815815e-09, 9.487848728895187e-09, 9.93895810097456e-09, 1.0390067473053932e-08, 1.0841176845133305e-08, 1.1292286217212677e-08, 1.174339558929205e-08, 1.2194504961371422e-08, 1.2645614333450794e-08, 1.3096723705530167e-08, 1.3547833077609539e-08, 1.3998942449688911e-08, 1.4450051821768284e-08, 1.4901161193847656e-08]}, "grads/layer2.weight": {"_type": "histogram", "values": [1, 0, 0, 1, 0, 1, 3, 1, 3, 6, 1, 3, 10, 10, 15, 8, 17, 17, 34, 39, 68, 91, 118, 171, 217, 269, 408, 689, 522, 379, 280, 199, 128, 110, 77, 43, 37, 25, 14, 15, 16, 7, 8, 13, 3, 2, 2, 3, 3, 1, 2, 0, 2, 0, 1, 1, 1, 0, 0, 0, 0, 0, 0, 1],