{"grads/layer1.weight": {"_type": "histogram", "values": [2, 0, 0, 0, 0, 0, 0, 0, 0, 0, 0, 0, 0, 1, 0, 1, 1, 2, 2, 2, 3, 1, 5, 8, 9, 9, 7, 13, 10, 21, 27, 26, 43, 53, 99, 117, 150, 95, 84, 63, 39, 28, 25, 12, 16, 9, 9, 7, 2, 1, 4, 3, 2, 3, 2, 1, 1, 2, 0, 1, 1, 1, 0, 1], "bins": [-0.04451577737927437, -0.04328516125679016, -0.042054545134305954, -0.04082392528653145, -0.03959330916404724, -0.038362693041563034, -0.03713207691907883, -0.03590146079659462, -0.03467084467411041, -0.03344022482633591, -0.0322096087038517, -0.030978992581367493, -0.029748376458883286, -0.02851776033639908, -0.027287142351269722, -0.026056526228785515, -0.02482590824365616, -0.02359529212117195, -0.022364675998687744, -0.021134058013558388, -0.01990344189107418, -0.018672825768589973, -0.017442207783460617, -0.01621159166097641, -0.014980975538492203, -0.013750358484685421, -0.01251974143087864, -0.011289124377071857, -0.01005850825458765, -0.008827891200780869, -0.007597274612635374, -0.006366657558828592, -0.005136040970683098, -0.0039054241497069597, -0.0026748073287308216, -0.0014441907405853271, -0.00021357391960918903, 0.001017042901366949, 0.0022476594895124435, 0.0034782763104885817, 0.00470889313146472, 0.005939509719610214, 0.007170126773416996, 0.008400743827223778, 0.009631359949707985, 0.010861977003514767, 0.012092594057321548, 0.013323210179805756, 0.014553827233612537, 0.01578444428741932, 0.017015060409903526, 0.018245678395032883, 0.01947629451751709, 0.020706910640001297, 0.021937528625130653, 0.02316814474761486, 0.024398760870099068, 0.025629378855228424, 0.02685999497771263, 0.02809061110019684, 0.029321229085326195, 0.030551845207810402, 0.03178246319293976, 0.033013079315423965, 0.03424369543790817]}, "grads/layer1.bias": {"_type": "histogram", "values": [1, 0, 0, 0, 0, 0, 0, 0, 0, 0, 0, 1, 1, 0, 0, 0, 0, 1, 0, 0, 1, 0, 1, 2, 2, 3, 1, 3, 3, 10, 2, 1, 6, 2, 8, 10, 7, 6, 8, 6, 4, 8, 5, 1, 6, 3, 3, 0, 1, 1, 0, 3, 0, 0, 0, 0, 1, 2, 1, 0, 1, 1, 0, 1], "bins": [-0.03621545061469078, -0.03526436164975166, -0.03431326895952225, -0.03336217999458313, -0.03241109102964401, -0.031460002064704895, -0.03050890937447548, -0.02955782040953636, -0.028606729581952095, -0.027655640617012978, -0.02670454978942871, -0.025753458961844444, -0.024802369996905327, -0.02385127916932106, -0.022900190204381943, -0.021949099376797676, -0.02099800854921341, -0.020046919584274292, -0.019095828756690025, -0.018144739791750908, -0.01719364896416664, -0.016242559999227524, -0.015291469171643257, -0.014340379275381565, -0.013389289379119873, -0.012438198551535606, -0.011487108655273914, -0.010536018759012222, -0.00958492886275053, -0.008633838966488838, -0.007682748604565859, -0.0067316582426428795, -0.0057805683463811874, -0.004829478450119495, -0.003878388088196516, -0.002927298191934824, -0.0019762080628424883, -0.0010251179337501526, -7.402792107313871e-05, 0.0008770621498115361, 0.0018281522206962109, 0.0027792423497885466, 0.0037303324788808823, 0.004681422375142574, 0.005632512271404266, 0.006583602633327246, 0.007534692529588938, 0.008485782891511917, 0.00943687278777361, 0.010387962684035301, 0.011339052580296993, 0.01229014340788126, 0.013241233304142952, 0.014192323200404644, 0.015143413096666336, 0.016094503924250603, 0.01704559288918972, 0.017996683716773987, 0.018947772681713104, 0.01989886350929737, 0.020849954336881638, 0.021801043301820755, 0.02275213412940502, 0.02370322309434414, 0.024654313921928406]}, "grads/layer2.weight": {"_type": "histogram", "values": [1, 1, 0, 0, 0, 1, 2, 4, 4, 2, 4, 5, 4, 5, 12, 8, 10, 25, 26, 41, 57, 53, 86, 112, 169, 178, 277, 396, 557, 710, 987, 1350, 7942, 1392, 789, 408, 255, 157, 116, 52, 47, 33, 26, 11, 11, 7, 10, 8, 2, 6, 2, 3, 3, 1, 4, 1, 3, 0, 0, 3, 1, 1, 2, 1], "bins": [-0.018087323755025864, -0.01753566972911358, -0.016984013840556145, -0.01643235981464386, -0.015880703926086426, -0.015329049900174141, -0.014777394942939281, -0.014225739985704422, -0.013674085028469563, -0.013122430071234703, -0.012570775113999844, -0.012019120156764984, -0.0114674661308527, -0.01091581117361784, -0.01036415621638298, -0.009812501259148121, -0.009260846301913261, -0.008709191344678402, -0.008157536387443542, -0.00760588189586997, -0.007054226938635111, -0.006502571981400251, -0.005950917489826679, -0.00539926253259182, -0.00484760757535696, -0.004295952618122101, -0.003744297893717885, -0.003192643169313669, -0.0026409882120788097, -0.0020893332548439503, -0.0015376785304397345, -0.0009860236896201968, -0.0004343688488006592, 0.00011728599201887846, 0.0006689408328384161, 0.0012205956736579537, 0.0017722505144774914, 0.002323905471712351, 0.0028755601961165667, 0.0034272149205207825, 0.003978869877755642, 0.004530524834990501, 0.005082179792225361, 0.005633834283798933, 0.0061854892410337925, 0.006737144198268652, 0.007288798689842224, 0.007840453647077084, 0.008392108604311943, 0.008943763561546803, 0.009495418518781662, 0.010047073476016521, 0.010598728433251381, 0.011150382459163666, 0.011702037416398525, 0.012253692373633385, 0.012805347330868244, 0.013357002288103104, 0.013908657245337963, 0.014460312202572823, 0.015011966228485107, 0.015563621185719967, 0.016115276142954826, 0.01666693203151226, 0.017218586057424545]}, "grads/layer2.bias": {"_type": "histogram", "values": [1, 0, 0, 0, 0, 0, 1, 0, 0, 0, 0, 1, 1, 1, 0, 1, 2, 0, 4, 0, 3, 1, 3, 1, 5, 5, 3, 5, 3, 4, 3, 3, 3, 6, 5, 43, 3, 3, 3, 0, 0, 1, 0, 1, 0, 2, 0, 1, 2, 2, 0, 0, 0, 0, 0, 0, 0, 0, 0, 0, 0, 1, 0, 1], "bins": [-0.024933654814958572, -0.02422991581261158, -0.023526176810264587, -0.022822437807917595, -0.022118698805570602, -0.02141495794057846, -0.020711218938231468, -0.020007479935884476, -0.019303740933537483, -0.01860000193119049, -0.017896262928843498, -0.017192523926496506, -0.016488783061504364, -0.01578504405915737, -0.015081305056810379, -0.014377566054463387, -0.013673827052116394, -0.012970088049769402, -0.012266349047422409, -0.011562609113752842, -0.01085887011140585, -0.010155131109058857, -0.00945139117538929, -0.008747652173042297, -0.008043913170695305, -0.007340174168348312, -0.006636434700340033, -0.005932695232331753, -0.00522895622998476, -0.004525217227637768, -0.003821477759629488, -0.003117738524451852, -0.0024139992892742157, -0.0017102600540965796, -0.0010065208189189434, -0.00030278158374130726, 0.0004009576514363289, 0.001104696886613965, 0.0018084361217916012, 0.0025121753569692373, 0.0032159145921468735, 0.003919653594493866, 0.004623393062502146, 0.005327132530510426, 0.006030871532857418, 0.0067346105352044106, 0.00743835000321269, 0.00814208947122097, 0.008845828473567963, 0.009549567475914955, 0.010253306478261948, 0.010957046411931515, 0.011660785414278507, 0.0123645244166255, 0.013068264350295067, 0.01377200335264206, 0.014475742354989052, 0.015179481357336044, 0.015883220359683037, 0.01658695936203003, 0.01729070022702217, 0.017994439229369164, 0.018698178231716156, 0.01940191723406315, 0.02010565623641014]}, "grads/output_layer.weight": {"_type": "histogram", "values": [1, 0, 0, 0, 0, 0, 1, 0, 1, 0, 0, 0, 0, 0, 0, 0, 0, 0, 0, 0, 0, 0, 0, 0, 1, 0, 0, 1, 2, 1, 1, 1, 0, 1, 1, 1, 1, 0, 1, 3, 2, 1, 4, 1, 5, 4, 5, 4, 3, 3, 3, 7, 2, 2, 48, 6, 4, 2, 1, 1, 0, 1, 0, 1],