{"epoch": 1, "train_loss": 0.7734452357621697, "_timestamp": 1714328979.007103, "_runtime": 37.883283853530884, "_step": 3, "val_loss": 0.49176567216073314, "_wandb": {"runtime": 37}}