{"epoch": 15, "train_loss": 0.5862947084554812, "_timestamp": 1714327992.6999006, "_runtime": 335.4087436199188, "_step": 31, "val_loss": 0.26472747037487643, "_wandb": {"runtime": 347}}