{"epoch": 6, "train_loss": 0.4654082878818357, "_timestamp": 1714329106.260813, "_runtime": 123.74418711662292, "_step": 12, "val_loss": 0.2947080731391907}