{"epoch": 12, "train_loss": 0.39916874020080256, "_timestamp": 1714329216.6892066, "_runtime": 234.17258071899414, "_step": 25, "val_loss": 0.2816575131108684, "_wandb": {"runtime": 236}}