{"grads/layer1.weight": {"_type": "histogram", "values": [1, 0, 0, 0, 0, 0, 0, 1, 2, 3, 2, 5, 0, 3, 9, 10, 11, 22, 25, 42, 45, 62, 78, 86, 90, 108, 79, 76, 73, 46, 35, 35, 24, 11, 11, 5, 4, 3, 2, 7, 3, 2, 0, 0, 2, 0, 0, 0, 0, 0, 0, 0, 0, 0, 0, 0, 0, 0, 0, 0, 0, 0, 0, 1], "bins": [-0.13916243612766266, -0.1336624175310135, -0.12816239893436432, -0.12266238033771515, -0.11716236919164658, -0.1116623505949974, -0.10616233199834824, -0.10066231340169907, -0.0951622948050499, -0.08966227620840073, -0.08416226506233215, -0.07866224646568298, -0.07316222786903381, -0.06766220927238464, -0.062162190675735474, -0.0566621758043766, -0.05116215720772743, -0.04566213861107826, -0.04016212373971939, -0.03466210514307022, -0.02916208654642105, -0.02366206981241703, -0.01816205307841301, -0.012662035413086414, -0.007162017747759819, -0.0016620003152638674, 0.0038380171172320843, 0.009338034316897392, 0.014838051982223988, 0.020338069647550583, 0.025838086381554604, 0.031338103115558624, 0.036838121712207794, 0.042338140308856964, 0.047838155180215836, 0.053338173776865005, 0.058838192373514175, 0.06433820724487305, 0.06983822584152222, 0.07533824443817139, 0.08083826303482056, 0.08633828163146973, 0.0918382927775383, 0.09733831137418747, 0.10283832997083664, 0.10833834856748581, 0.11383836716413498, 0.11933838576078415, 0.12483839690685272, 0.1303384155035019, 0.13583843410015106, 0.14133845269680023, 0.1468384712934494, 0.15233848989009857, 0.15783850848674774, 0.1633385270833969, 0.16883854568004608, 0.17433856427669525, 0.17983856797218323, 0.1853385865688324, 0.19083860516548157, 0.19633862376213074, 0.2018386423587799, 0.20733866095542908, 0.21283867955207825]}, "grads/layer1.bias": {"_type": "histogram", "values": [2, 0, 0, 0, 0, 2, 0, 1, 1, 1, 0, 5, 0, 0, 1, 0, 0, 7, 1, 4, 0, 1, 6, 1, 1, 6, 1, 1, 11, 1, 0, 5, 1, 1, 18, 1, 6, 0, 3, 13, 0, 2, 4, 0, 0, 4, 0, 0, 0, 0, 0, 8, 0, 0, 2, 0, 5, 0, 0, 0, 0, 0, 0, 1], "bins": [-1.1175870895385742e-08, -1.0848452802747488e-08, -1.0521034710109234e-08, -1.019361661747098e-08, -9.866198524832726e-09, -9.538780432194471e-09, -9.211362339556217e-09, -8.883944246917963e-09, -8.556526154279709e-09, -8.229108061641455e-09, -7.9016899690032e-09, -7.574271876364946e-09, -7.246853783726692e-09, -6.919435691088438e-09, -6.592017598450184e-09, -6.26459950581193e-09, -5.9371814131736755e-09, -5.609763320535421e-09, -5.282345227897167e-09, -4.954927135258913e-09, -4.627509042620659e-09, -4.300090949982405e-09, -3.9726728573441505e-09, -3.6452547647058964e-09, -3.3178366720676422e-09, -2.990418579429388e-09, -2.663000486791134e-09, -2.3355823941528797e-09, -2.0081643015146255e-09, -1.6807462088763714e-09, -1.3533281162381172e-09, -1.025910023599863e-09, -6.984919309616089e-10, -3.710738383233547e-10, -4.3655745685100555e-11, 2.837623469531536e-10, 6.111804395914078e-10, 9.38598532229662e-10, 1.2660166248679161e-09, 1.5934347175061703e-09, 1.9208528101444244e-09, 2.2482709027826786e-09, 2.5756889954209328e-09, 2.903107088059187e-09, 3.230525180697441e-09, 3.5579432733356953e-09, 3.8853613659739494e-09, 4.212779458612204e-09, 4.540197551250458e-09, 4.867615643888712e-09, 5.195033736526966e-09, 5.52245182916522e-09, 5.8498699218034744e-09, 6.177288014441729e-09, 6.504706107079983e-09, 6.832124199718237e-09, 7.159542292356491e-09, 7.486960384994745e-09, 7.814378477633e-09, 8.141796570271254e-09, 8.469214662909508e-09, 8.796632755547762e-09, 9.124050848186016e-09, 9.45146894082427e-09, 9.778887033462524e-09]}, "grads/bn1.weight": {"_type": "histogram", "values": [1, 0, 0, 0, 0, 0, 1, 0, 1, 1, 2, 0, 2, 1, 1, 0, 4, 3, 1, 2, 5, 3, 4, 3, 5, 4, 6, 5, 2, 4, 4, 4, 7, 5, 5, 4, 6, 5, 5, 4, 1, 1, 1, 2, 2, 2, 1, 1, 1, 0, 0, 2, 1, 1, 0, 0, 0, 0, 1, 0, 0, 0, 0, 1], "bins": [-0.1134745329618454, -0.10973112285137177, -0.10598771274089813, -0.1022443026304245, -0.09850089251995087, -0.09475748240947723, -0.0910140722990036, -0.08727066218852997, -0.08352725207805634, -0.0797838419675827, -0.07604043185710907, -0.07229702174663544, -0.0685536116361618, -0.06481020152568817, -0.06106679514050484, -0.057323385030031204, -0.05357997491955757, -0.04983656480908394, -0.046093154698610306, -0.04234974458813667, -0.03860633447766304, -0.03486292436718941, -0.031119516119360924, -0.02737610600888729, -0.023632695898413658, -0.019889285787940025, -0.016145875677466393, -0.012402466498315334, -0.008659056387841702, -0.004915646277368069, -0.0011722366325557232, 0.002571173245087266, 0.006314583122730255, 0.010057993233203888, 0.01380140334367752, 0.017544813454151154, 0.021288223564624786, 0.02503163181245327, 0.028775041922926903, 0.032518453896045685, 0.03626186400651932, 0.04000527039170265, 0.043748680502176285, 0.04749209061264992, 0.05123550072312355, 0.05497891083359718, 0.058722320944070816, 0.06246573105454445, 0.06620913743972778, 0.06995254755020142, 0.07369595766067505, 0.07743936777114868, 0.08118277788162231, 0.08492618799209595, 0.08866959810256958, 0.09241300821304321, 0.09615641832351685, 0.09989982843399048, 0.10364323854446411, 0.10738664865493774, 0.11113005876541138, 0.11487346887588501, 0.11861687898635864, 0.12236028909683228, 0.1261036992073059]}, "grads/bn1.bias": {"_type": "histogram", "values": [2, 1, 0, 0, 1, 0, 3, 0, 0, 1, 0, 2, 0, 0, 2, 0, 3, 0, 0, 8, 1, 0, 6, 1, 3, 6, 1, 3, 11, 1, 1, 0, 13, 4, 3, 3, 3, 1, 8, 0, 5, 5, 0, 2, 3, 0, 4, 0, 3, 2, 2, 2, 1, 0, 4, 0, 0, 1, 0, 0, 1, 0, 0, 1], "bins": [-1.862645149230957e-08, -1.8044374883174896e-08, -1.7462298274040222e-08, -1.6880221664905548e-08, -1.6298145055770874e-08, -1.57160684466362e-08, -1.5133991837501526e-08, -1.4551915228366852e-08, -1.3969838619232178e-08, -1.3387762010097504e-08, -1.280568540096283e-08, -1.2223608791828156e-08, -1.1641532182693481e-08, -1.1059455573558807e-08, -1.0477378964424133e-08, -9.89530235528946e-09, -9.313225746154785e-09, -8.731149137020111e-09, -8.149072527885437e-09, -7.566995918750763e-09, -6.984919309616089e-09, -6.402842700481415e-09, -5.820766091346741e-09, -5.238689482212067e-09, -4.6566128730773926e-09, -4.0745362639427185e-09, -3.4924596548080444e-09, -2.9103830456733704e-09, -2.3283064365386963e-09, -1.7462298274040222e-09, -1.1641532182693481e-09, -5.820766091346741e-10, 0.0, 5.820766091346741e-10, 1.1641532182693481e-09, 1.7462298274040222e-09, 2.3283064365386963e-09, 2.9103830456733704e-09, 3.4924596548080444e-09, 4.0745362639427185e-09, 4.6566128730773926e-09, 5.238689482212067e-09, 5.820766091346741e-09, 6.402842700481415e-09, 6.984919309616089e-09, 7.566995918750763e-09, 8.149072527885437e-09, 8.731149137020111e-09, 9.313225746154785e-09, 9.89530235528946e-09, 1.0477378964424133e-08, 1.1059455573558807e-08, 1.1641532182693481e-08, 1.2223608791828156e-08, 1.280568540096283e-08, 1.3387762010097504e-08, 1.3969838619232178e-08, 1.4551915228366852e-08, 1.5133991837501526e-08, 1.57160684466362e-08, 1.6298145055770874e-08, 1.6880221664905548e-08, 1.7462298274040222e-08, 1.8044374883174896e-08, 1.862645149230957e-08]}, "grads/layer2.weight": {"_type": "histogram", "values": [1, 0, 0, 2, 2, 1, 3, 1, 1, 2, 0, 1, 3, 0, 2, 6, 4, 6, 15, 19, 25, 43, 47, 58, 77, 122, 146, 214, 330, 456, 668, 982, 1632, 2977, 3540, 1721, 1047, 681, 442, 315, 229, 155, 99, 72, 52, 49, 26, 24, 19, 14, 5, 5, 11, 4, 4, 6, 1, 9, 0, 1, 3, 3, 0, 1],