{"epoch": 9, "train_loss": 0.22744460270112873, "_timestamp": 1714326076.177544, "_runtime": 193.38320302963257, "_step": 19, "val_loss": 0.22686729147549597, "_wandb": {"runtime": 196}}