{"grads/layer1.weight": {"_type": "histogram", "values": [1, 0, 0, 0, 0, 1, 0, 0, 1, 1, 3, 1, 3, 4, 4, 4, 4, 6, 7, 16, 12, 26, 20, 35, 42, 30, 46, 62, 64, 85, 88, 92, 50, 68, 40, 35, 27, 27, 28, 14, 20, 15, 11, 4, 6, 3, 4, 2, 2, 4, 0, 0, 0, 1, 2, 2, 0, 0, 0, 0, 0, 0, 0, 1], "bins": [-0.0082623902708292, -0.007989820092916489, -0.007717250846326351, -0.007444680668413639, -0.007172110956162214, -0.0068995412439107895, -0.006626971531659365, -0.00635440181940794, -0.006081831641495228, -0.005809261929243803, -0.005536692216992378, -0.0052641225047409534, -0.004991552792489529, -0.004718983080238104, -0.004446412902325392, -0.004173843190073967, -0.003901273477822542, -0.0036287037655711174, -0.003356133820489049, -0.003083564108237624, -0.0028109941631555557, -0.002538424450904131, -0.002265854738652706, -0.0019932847935706377, -0.001720715081319213, -0.0014481452526524663, -0.0011755754239857197, -0.0009030057117342949, -0.0006304358830675483, -0.0003578660835046321, -8.529628394171596e-05, 0.0001872735156212002, 0.00045984331518411636, 0.000732413143850863, 0.0010049829725176096, 0.0012775526847690344, 0.001550122513435781, 0.0018226923421025276, 0.0020952620543539524, 0.002367831999436021, 0.0026404017116874456, 0.0029129714239388704, 0.003185541369020939, 0.0034581110812723637, 0.0037306807935237885, 0.004003250505775213, 0.004275820683687925, 0.00454839039593935, 0.004820960108190775, 0.0050935298204422, 0.0053660995326936245, 0.005638669710606337, 0.005911239422857761, 0.006183809135109186, 0.006456378847360611, 0.006728948559612036, 0.0070015182718634605, 0.007274088449776173, 0.007546658162027597, 0.007819227874279022, 0.008091798052191734, 0.008364367298781872, 0.008636937476694584, 0.008909506723284721, 0.009182076901197433]}, "grads/layer1.bias": {"_type": "histogram", "values": [1, 0, 0, 0, 0, 0, 0, 0, 0, 0, 0, 0, 0, 1, 0, 1, 2, 0, 2, 0, 0, 7, 0, 0, 2, 1, 6, 0, 0, 2, 0, 0, 13, 0, 5, 0, 0, 10, 2, 0, 4, 0, 27, 0, 0, 4, 1, 0, 12, 4, 1, 0, 0, 8, 0, 1, 0, 0, 2, 0, 1, 1, 1, 6], "bins": [-9.313225746154785e-10, -9.094947017729282e-10, -8.87666828930378e-10, -8.658389560878277e-10, -8.440110832452774e-10, -8.221832104027271e-10, -8.003553375601768e-10, -7.785274647176266e-10, -7.566995918750763e-10, -7.34871719032526e-10, -7.130438461899757e-10, -6.912159733474255e-10, -6.693881005048752e-10, -6.475602276623249e-10, -6.257323548197746e-10, -6.039044819772243e-10, -5.820766091346741e-10, -5.602487362921238e-10, -5.384208634495735e-10, -5.165929906070232e-10, -4.94765117764473e-10, -4.729372449219227e-10, -4.511093720793724e-10, -4.2928149923682213e-10, -4.0745362639427185e-10, -3.8562575355172157e-10, -3.637978807091713e-10, -3.41970007866621e-10, -3.2014213502407074e-10, -2.9831426218152046e-10, -2.764863893389702e-10, -2.546585164964199e-10, -2.3283064365386963e-10, -2.1100277081131935e-10, -1.8917489796876907e-10, -1.673470251262188e-10, -1.4551915228366852e-10, -1.2369127944111824e-10, -1.0186340659856796e-10, -8.003553375601768e-11, -5.820766091346741e-11, -3.637978807091713e-11, -1.4551915228366852e-11, 7.275957614183426e-12, 2.9103830456733704e-11, 5.093170329928398e-11, 7.275957614183426e-11, 9.458744898438454e-11, 1.1641532182693481e-10, 1.382431946694851e-10, 1.6007106751203537e-10, 1.8189894035458565e-10, 2.0372681319713593e-10, 2.255546860396862e-10, 2.473825588822365e-10, 2.6921043172478676e-10, 2.9103830456733704e-10, 3.128661774098873e-10, 3.346940502524376e-10, 3.5652192309498787e-10, 3.7834979593753815e-10, 4.001776687800884e-10, 4.220055416226387e-10, 4.43833414465189e-10, 4.656612873077393e-10]}, "grads/bn1.weight": {"_type": "histogram", "values": [2, 2, 2, 2, 2, 1, 3, 1, 2, 2, 2, 1, 0, 0, 2, 1, 3, 1, 4, 4, 2, 5, 5, 4, 6, 1, 6, 4, 5, 1, 5, 3, 3, 6, 2, 6, 5, 0, 3, 2, 4, 2, 1, 0, 3, 0, 1, 0, 1, 2, 0, 0, 1, 0, 0, 0, 0, 0, 0, 0, 1, 0, 0, 1], "bins": [-0.004591310862451792, -0.004416460171341896, -0.004241609480232, -0.004066758789122105, -0.0038919083308428526, -0.003717057639732957, -0.003542206948623061, -0.0033673562575131655, -0.0031925055664032698, -0.003017654875293374, -0.002842804417014122, -0.0026679537259042263, -0.0024931030347943306, -0.002318252343684435, -0.002143401652574539, -0.0019685509614646435, -0.0017937003867700696, -0.001618849695660174, -0.0014439991209656, -0.0012691484298557043, -0.0010942977387458086, -0.0009194471058435738, -0.000744596472941339, -0.0005697457818314433, -0.0003948951489292085, -0.00022004448692314327, -4.5193839468993247e-05, 0.00012965680798515677, 0.000304507469991222, 0.0004793581319972873, 0.0006542087648995221, 0.0008290594560094178, 0.0010039100889116526, 0.0011787607800215483, 0.0013536113547161222, 0.0015284620458260179, 0.0017033127369359136, 0.0018781633116304874, 0.002053014002740383, 0.002227864693850279, 0.0024027153849601746, 0.0025775660760700703, 0.0027524165343493223, 0.002927267225459218, 0.0031021179165691137, 0.0032769686076790094, 0.003451819298788905, 0.003626669989898801, 0.003801520448178053, 0.003976371139287949, 0.004151221830397844, 0.00432607252150774, 0.004500923212617636, 0.004675773903727531, 0.004850624594837427, 0.005025475285947323, 0.0052003259770572186, 0.005375176668167114, 0.005550026893615723, 0.005724877584725618, 0.005899728275835514, 0.00607457896694541, 0.0062494296580553055, 0.006424280349165201, 0.006599131040275097]}, "grads/bn1.bias": {"_type": "histogram", "values": [1, 0, 0, 0, 0, 0, 0, 0, 0, 0, 0, 0, 3, 0, 0, 0, 1, 3, 0, 7, 3, 0, 5, 0, 3, 10, 1, 5, 10, 0, 5, 1, 15, 5, 0, 11, 0, 1, 14, 0, 2, 3, 1, 1, 7, 0, 0, 1, 3, 1, 0, 2, 0, 0, 1, 0, 0, 0, 0, 0, 0, 0, 1, 1], "bins": [-1.1641532182693481e-09, -1.127773430198431e-09, -1.0913936421275139e-09, -1.0550138540565968e-09, -1.0186340659856796e-09, -9.822542779147625e-10, -9.458744898438454e-10, -9.094947017729282e-10, -8.731149137020111e-10, -8.36735125631094e-10, -8.003553375601768e-10, -7.639755494892597e-10, -7.275957614183426e-10, -6.912159733474255e-10, -6.548361852765083e-10, -6.184563972055912e-10, -5.820766091346741e-10, -5.456968210637569e-10, -5.093170329928398e-10, -4.729372449219227e-10, -4.3655745685100555e-10, -4.001776687800884e-10, -3.637978807091713e-10, -3.2741809263825417e-10, -2.9103830456733704e-10, -2.546585164964199e-10, -2.1827872842550278e-10, -1.8189894035458565e-10, -1.4551915228366852e-10, -1.0913936421275139e-10, -7.275957614183426e-11, -3.637978807091713e-11, 0.0, 3.637978807091713e-11, 7.275957614183426e-11, 1.0913936421275139e-10, 1.4551915228366852e-10, 1.8189894035458565e-10, 2.1827872842550278e-10, 2.546585164964199e-10, 2.9103830456733704e-10, 3.2741809263825417e-10, 3.637978807091713e-10, 4.001776687800884e-10, 4.3655745685100555e-10, 4.729372449219227e-10, 5.093170329928398e-10, 5.456968210637569e-10, 5.820766091346741e-10, 6.184563972055912e-10, 6.548361852765083e-10, 6.912159733474255e-10, 7.275957614183426e-10, 7.639755494892597e-10, 8.003553375601768e-10, 8.36735125631094e-10, 8.731149137020111e-10, 9.094947017729282e-10, 9.458744898438454e-10, 9.822542779147625e-10, 1.0186340659856796e-09, 1.0550138540565968e-09, 1.0913936421275139e-09, 1.127773430198431e-09, 1.1641532182693481e-09]}, "grads/layer2.weight": {"_type": "histogram", "values": [3, 0, 3, 1, 1, 1, 3, 5, 6, 6, 11, 21, 14, 9, 17, 24, 29, 40, 30, 49, 58, 65, 111, 128, 153, 202, 278, 389, 493, 599, 879, 1383, 2628, 3902, 1384, 938, 617, 435, 355, 247, 199, 132, 118, 71, 60, 64, 39, 37, 28, 26, 22, 15, 9, 9, 7, 5, 1, 5, 5, 6, 1, 2, 3, 3],