{"grads/layer1.weight": {"_type": "histogram", "values": [1, 0, 0, 0, 0, 1, 0, 3, 2, 0, 0, 1, 2, 1, 2, 6, 4, 9, 9, 21, 19, 24, 42, 46, 60, 79, 79, 93, 86, 76, 79, 66, 54, 44, 30, 27, 14, 10, 7, 5, 3, 5, 4, 1, 2, 0, 0, 1, 0, 0, 0, 0, 1, 1, 2, 0, 0, 0, 0, 0, 1, 0, 0, 1], "bins": [-0.008754643611609936, -0.00844538677483797, -0.008136129938066006, -0.007826872169971466, -0.007517615333199501, -0.007208358496427536, -0.006899101659655571, -0.006589844357222319, -0.006280587520450354, -0.005971330218017101, -0.005662073381245136, -0.005352816544473171, -0.005043559242039919, -0.004734302405267954, -0.0044250451028347015, -0.0041157882660627365, -0.003806531196460128, -0.003497274126857519, -0.0031880170572549105, -0.0028787602204829454, -0.0025695031508803368, -0.002260246081277728, -0.0019509890116751194, -0.0016417320584878325, -0.0013324749888852239, -0.0010232179192826152, -0.0007139609660953283, -0.00040470389649271965, -9.544688509777188e-05, 0.0002138101408490911, 0.0005230671958997846, 0.0008323242072947323, 0.00114158121868968, 0.0014508382882922888, 0.0017600952414795756, 0.0020693521946668625, 0.002378609264269471, 0.00268786633387208, 0.0029971234034746885, 0.003306380473077297, 0.0036156373098492622, 0.003924894612282515, 0.00423415144905448, 0.004543408285826445, 0.004852665588259697, 0.005161922425031662, 0.005471179727464914, 0.005780436564236879, 0.006089693866670132, 0.006398950703442097, 0.006708207540214062, 0.007017464842647314, 0.007326721679419279, 0.007635978981852531, 0.007945235818624496, 0.008254492655396461, 0.008563749492168427, 0.008873007260262966, 0.009182264097034931, 0.009491520933806896, 0.009800777770578861, 0.010110034607350826, 0.010419292375445366, 0.010728549212217331, 0.011037806048989296]}, "grads/layer1.bias": {"_type": "histogram", "values": [1, 1, 0, 0, 0, 0, 1, 0, 0, 0, 6, 1, 0, 2, 0, 0, 13, 2, 5, 2, 14, 12, 0, 16, 4, 5, 10, 1, 2, 0, 14, 0, 0, 4, 0, 1, 0, 6, 0, 0, 2, 0, 0, 1, 0, 0, 0, 0, 0, 0, 1, 0, 0, 0, 0, 0, 0, 0, 0, 0, 0, 0, 0, 1], "bins": [-8.149072527885437e-10, -7.803464541211724e-10, -7.457856554538012e-10, -7.112248567864299e-10, -6.766640581190586e-10, -6.421032594516873e-10, -6.075424607843161e-10, -5.729816621169448e-10, -5.384208634495735e-10, -5.038600647822022e-10, -4.69299266114831e-10, -4.347384674474597e-10, -4.001776687800884e-10, -3.6561687011271715e-10, -3.310560714453459e-10, -2.964952727779746e-10, -2.6193447411060333e-10, -2.2737367544323206e-10, -1.9281287677586079e-10, -1.5825207810848951e-10, -1.2369127944111824e-10, -8.913048077374697e-11, -5.4569682106375694e-11, -2.000888343900442e-11, 1.4551915228366852e-11, 4.9112713895738125e-11, 8.36735125631094e-11, 1.1823431123048067e-10, 1.5279510989785194e-10, 1.8735590856522322e-10, 2.219167072325945e-10, 2.5647750589996576e-10, 2.9103830456733704e-10, 3.255991032347083e-10, 3.601599019020796e-10, 3.9472070056945086e-10, 4.2928149923682213e-10, 4.638422979041934e-10, 4.984030965715647e-10, 5.329638952389359e-10, 5.675246939063072e-10, 6.020854925736785e-10, 6.366462912410498e-10, 6.71207089908421e-10, 7.057678885757923e-10, 7.403286872431636e-10, 7.748894859105349e-10, 8.094502845779061e-10, 8.440110832452774e-10, 8.785718819126487e-10, 9.1313268058002e-10, 9.476934792473912e-10, 9.822542779147625e-10, 1.0168150765821338e-09, 1.051375875249505e-09, 1.0859366739168763e-09, 1.1204974725842476e-09, 1.1550582712516189e-09, 1.1896190699189901e-09, 1.2241798685863614e-09, 1.2587406672537327e-09, 1.293301465921104e-09, 1.3278622645884752e-09, 1.3624230632558465e-09, 1.3969838619232178e-09]}, "grads/bn1.weight": {"_type": "histogram", "values": [2, 0, 0, 0, 1, 0, 1, 1, 0, 0, 0, 1, 1, 0, 0, 0, 0, 0, 0, 1, 3, 2, 2, 2, 3, 3, 2, 6, 1, 10, 6, 5, 3, 4, 3, 3, 9, 4, 5, 2, 4, 3, 1, 7, 5, 3, 1, 2, 2, 1, 1, 3, 2, 2, 0, 1, 1, 2, 0, 0, 0, 0, 0, 1], "bins": [-0.006111016497015953, -0.005936195608228445, -0.005761375185102224, -0.005586554296314716, -0.005411733873188496, -0.005236912984400988, -0.00506209209561348, -0.004887271672487259, -0.004712450783699751, -0.00453763036057353, -0.004362809471786022, -0.004187988582998514, -0.0040131681598722935, -0.003838347503915429, -0.003663526615127921, -0.0034887059591710567, -0.0033138853032141924, -0.003139064647257328, -0.0029642439913004637, -0.0027894231025129557, -0.0026146024465560913, -0.002439781790599227, -0.0022649611346423626, -0.0020901404786854982, -0.001915319706313312, -0.0017404990503564477, -0.0015656782779842615, -0.0013908576220273972, -0.0012160369660705328, -0.0010412161936983466, -0.0008663955377414823, -0.000691574823576957, -0.0005167541094124317, -0.00034193339524790645, -0.00016711271018721163, 7.70798942539841e-06, 0.00018252868903800845, 0.0003573494032025337, 0.0005321700591593981, 0.0007069907733239233, 0.0008818114874884486, 0.001056632143445313, 0.0012314529158174992, 0.0014062735717743635, 0.0015810942277312279, 0.001755915000103414, 0.0019307356560602784, 0.0021055564284324646, 0.002280377084389329, 0.0024551977403461933, 0.0026300183963030577, 0.0028048392850905657, 0.00297965994104743, 0.0031544805970042944, 0.0033293012529611588, 0.003504121908918023, 0.0036789425648748875, 0.0038537634536623955, 0.004028583876788616, 0.004203404765576124, 0.004378225654363632, 0.004553046077489853, 0.004727866966277361, 0.004902687389403582, 0.00507750827819109]}, "grads/bn1.bias": {"_type": "histogram", "values": [1, 0, 0, 0, 0, 0, 0, 1, 0, 2, 0, 0, 0, 0, 1, 1, 0, 0, 8, 0, 0, 1, 1, 5, 3, 4, 0, 0, 11, 0, 4, 0, 11, 0, 1, 5, 0, 15, 1, 4, 1, 1, 6, 0, 1, 0, 17, 0, 1, 2, 0, 9, 0, 0, 1, 0, 7, 0, 1, 0, 0, 0, 0, 1], "bins": [-9.313225746154785e-10, -9.065388439921662e-10, -8.817551133688539e-10, -8.569713827455416e-10, -8.321876521222293e-10, -8.07403921498917e-10, -7.826201908756047e-10, -7.578364602522925e-10, -7.330527296289802e-10, -7.082689990056679e-10, -6.834852683823556e-10, -6.587015377590433e-10, -6.33917807135731e-10, -6.091340765124187e-10, -5.843503458891064e-10, -5.595666152657941e-10, -5.347828846424818e-10, -5.099991540191695e-10, -4.852154233958572e-10, -4.604316927725449e-10, -4.3564796214923263e-10, -4.1086423152592033e-10, -3.8608050090260804e-10, -3.6129677027929574e-10, -3.3651303965598345e-10, -3.1172930903267115e-10, -2.8694557840935886e-10, -2.6216184778604656e-10, -2.3737811716273427e-10, -2.1259438653942198e-10, -1.8781065591610968e-10, -1.6302692529279739e-10, -1.382431946694851e-10, -1.134594640461728e-10, -8.86757334228605e-11, -6.389200279954821e-11, -3.9108272176235914e-11, -1.432454155292362e-11, 1.0459189070388675e-11, 3.524291969370097e-11, 6.002665031701326e-11, 8.481038094032556e-11, 1.0959411156363785e-10, 1.3437784218695015e-10, 1.5916157281026244e-10, 1.8394530343357474e-10, 2.0872903405688703e-10, 2.335127646801993e-10, 2.582964953035116e-10, 2.830802259268239e-10, 3.078639565501362e-10, 3.326476871734485e-10, 3.574314177967608e-10, 3.822151484200731e-10, 4.069988790433854e-10, 4.317826096666977e-10, 4.5656634029001e-10, 4.813500709133223e-10, 5.061338015366346e-10, 5.309175321599469e-10, 5.557012627832592e-10, 5.804849934065714e-10, 6.052687240298837e-10, 6.30052454653196e-10, 6.548361852765083e-10]}, "grads/layer2.weight": {"_type": "histogram", "values": [1, 0, 4, 2, 3, 1, 2, 2, 2, 5, 7, 12, 10, 18, 28, 19, 30, 39, 56, 68, 93, 132, 170, 201, 226, 349, 424, 562, 734, 1052, 1726, 4313, 2046, 1090, 723, 553, 403, 278, 214, 190, 128, 108, 86, 58, 43, 34, 28, 18, 24, 18, 12, 9, 9, 8, 4, 2, 2, 2, 0, 2, 0, 0, 0, 1],