{"epoch": 4, "train_loss": 0.2604190839257667, "_timestamp": 1714328398.429676, "_runtime": 105.48751306533813, "_step": 9, "val_loss": 0.2557119904987274, "_wandb": {"runtime": 110}}